{"name":"1356d83e-a997-4c21-ad1b-9567526a77f5","id":"/providers/Microsoft.Flow/flows/1356d83e-a997-4c21-ad1b-9567526a77f5","type":"Microsoft.Flow/flows","properties":{"apiId":"/providers/Microsoft.PowerApps/apis/shared_logicflows","displayName":"Enqueue Provisioning Message","definition":{"$schema":"https://schema.management.azure.com/providers/Microsoft.Logic/schemas/2016-06-01/workflowdefinition.json#","contentVersion":"1.0.0.0","parameters":{"$connections":{"defaultValue":{},"type":"Object"},"$authentication":{"defaultValue":{},"type":"SecureObject"}},"triggers":{"manual":{"type":"Request","kind":"Http","inputs":{"schema":{"type":"object","properties":{"webUrl":{"type":"string"},"webDescription":{"type":"string"},"creatorName":{"type":"string"},"creatorEmail":{"type":"string"},"createdTimeUTC":{"type":"string"},"parameters":{"type":"object","properties":{"event":{"type":"string"},"product":{"type":"string"},"siteType":{"type":"string"},"customMessage":{"type":"string"}}}}}}}},"actions":{"Put_a_message_on_a_queue":{"runAfter":{},"metadata":{"flowSystemMetadata":{"swaggerOperationId":"PutMessage"}},"type":"ApiConnection","inputs":{"host":{"api":{"runtimeUrl":"https://europe-001.azure-apim.net/apim/azurequeues"},"connection":{"name":"@parameters('$connections')['shared_azurequeues']['connectionId']"}},"method":"post","body":"@triggerBody()?['webUrl']","path":"/@{encodeURIComponent('cncprovisioningqueue')}/messages","authentication":"@parameters('$authentication')"}},"Create_item":{"runAfter":{"Put_a_message_on_a_queue":["Succeeded"]},"metadata":{"flowSystemMetadata":{"swaggerOperationId":"PostItem"}},"type":"ApiConnection","inputs":{"host":{"api":{"runtimeUrl":"https://europe-001.azure-apim.net/apim/sharepointonline"},"connection":{"name":"@parameters('$connections')['shared_sharepointonline']['connectionId']"}},"method":"post","body":{"WebUrl":"@triggerBody()?['webUrl']","WebDescription":"@triggerBody()?['webDescription']","Creator":"@triggerBody()?['creatorEmail']","CreatedTime":"@triggerBody()?['createdTimeUTC']","SiteType":"@triggerBody()?['parameters']?['sitetype']","Custom_x0020_Message":"@triggerBody()?['parameters']?['customMessage']"},"path":"/datasets/@{encodeURIComponent(encodeURIComponent('https://vrdmn.sharepoint.com/sites/Infrastructure'))}/tables/@{encodeURIComponent(encodeURIComponent('e4b49b8c-191f-42be-ab11-b78c5070a2de'))}/items","authentication":"@parameters('$authentication')"}}},"outputs":{}},"connectionReferences":{"shared_azurequeues":{"connectionName":"4420b5f2888a49f4bcbca9a005253c25","source":"Embedded","id":"/providers/Microsoft.PowerApps/apis/shared_azurequeues","tier":"NotSpecified"},"shared_sharepointonline":{"connectionName":"shared-sharepointonl-5569e0a8-4b6c-4f7e-92d6-a6010ae89440","source":"Embedded","id":"/providers/Microsoft.PowerApps/apis/shared_sharepointonline","tier":"NotSpecified"}},"flowFailureAlertSubscribed":false}}