{"name":"ebbbb529-f2ee-414e-853e-44df3eccea4d","id":"/providers/Microsoft.Flow/flows/ebbbb529-f2ee-414e-853e-44df3eccea4d","type":"Microsoft.Flow/flows","properties":{"apiId":"/providers/Microsoft.PowerApps/apis/shared_logicflows","displayName":"Enqueue Provisioning Message","definition":{"$schema":"https://schema.management.azure.com/providers/Microsoft.Logic/schemas/2016-06-01/workflowdefinition.json#","contentVersion":"1.0.0.0","parameters":{"$connections":{"defaultValue":{},"type":"Object"},"$authentication":{"defaultValue":{},"type":"SecureObject"}},"triggers":{"manual":{"type":"Request","kind":"Http","inputs":{"schema":{"type":"object","properties":{"webUrl":{"type":"string"},"parameters":{"type":"object","properties":{"event":{"type":"string"},"product":{"type":"string"}}}}}}}},"actions":{"Put_a_message_on_a_queue":{"runAfter":{},"metadata":{"flowSystemMetadata":{"swaggerOperationId":"PutMessage"}},"type":"ApiConnection","inputs":{"host":{"api":{"runtimeUrl":"https://europe-001.azure-apim.net/apim/azurequeues"},"connection":{"name":"@parameters('$connections')['shared_azurequeues']['connectionId']"}},"method":"post","path":"/@{encodeURIComponent('cncprovisioningqueue')}/messages","body":"@triggerBody()?['webUrl']","authentication":"@parameters('$authentication')"}}},"outputs":{}},"connectionReferences":{"shared_azurequeues":{"connectionName":"shared-azurequeues-ad469301-959f-4e5a-a44a-dd81ac6a88c2","source":"Embedded","id":"/providers/Microsoft.PowerApps/apis/shared_azurequeues","tier":"NotSpecified"}}}}